XX0869,1,2,3,4,5,6,7,8,9,10,11,12,13,14,15,16,17,18,19,20,21,22,23,24
A,50cells HCC6,25cells HCC6,HCC6,HCC6,HCC6,HCC6,HCC6,HCC6,HCC10,HCC10,HCC10,HCC10,HCC10,HCC10,HCC10,HCC10,CCA,CCA,CCA,CCA,CCA,CCA,CCA,CCA
B,50cellsHCC10,25cellsHCC10,HCC6,HCC6,HCC6,HCC6,HCC6,HCC6,HCC10,HCC10,HCC10,HCC10,HCC10,HCC10,HCC10,HCC10,CCA,CCA,CCA,CCA,CCA,CCA,CCA,CCA
C,50cells CCA1,25cells CCA1,HCC6,HCC6,HCC6,HCC6,HCC6,HCC6,HCC10,HCC10,HCC10,HCC10,HCC10,HCC10,HCC10,HCC10,CCA,CCA,CCA,CCA,CCA,CCA,CCA,CCA
D,HCC6,HCC6,HCC6,HCC6,HCC6,HCC6,HCC6,HCC6,HCC10,HCC10,HCC10,HCC10,HCC10,HCC10,HCC10,HCC10,CCA,CCA,CCA,CCA,CCA,CCA,CCA,CCA
E,HCC6,HCC6,HCC6,HCC6,HCC6,HCC6,HCC6,HCC6,HCC10,HCC10,HCC10,HCC10,HCC10,HCC10,HCC10,HCC10,CCA,CCA,CCA,CCA,CCA,CCA,CCA,CCA
F,HCC6,HCC6,HCC6,HCC6,HCC6,HCC6,HCC6,HCC6,HCC10,HCC10,HCC10,HCC10,HCC10,HCC10,HCC10,HCC10,CCA,CCA,CCA,CCA,CCA,CCA,CCA,CCA
G,HCC6,HCC6,HCC6,HCC6,HCC6,HCC6,HCC6,HCC6,HCC10,HCC10,HCC10,HCC10,HCC10,HCC10,HCC10,HCC10,CCA,CCA,CCA,CCA,CCA,CCA,CCA,CCA
H,HCC6,HCC6,HCC6,HCC6,HCC6,HCC6,HCC6,HCC6,HCC10,HCC10,HCC10,HCC10,HCC10,HCC10,HCC10,HCC10,CCA,CCA,CCA,CCA,CCA,CCA,CCA,CCA
I,HCC6,HCC6,HCC6,HCC6,HCC6,HCC6,HCC6,HCC6,HCC10,HCC10,HCC10,HCC10,HCC10,HCC10,HCC10,HCC10,CCA,CCA,CCA,CCA,CCA,CCA,CCA,CCA
J,HCC6,HCC6,HCC6,HCC6,HCC6,HCC6,HCC6,HCC6,HCC10,HCC10,HCC10,HCC10,HCC10,HCC10,HCC10,HCC10,CCA,CCA,CCA,CCA,CCA,CCA,CCA,CCA
K,HCC6,HCC6,HCC6,HCC6,HCC6,HCC6,HCC6,HCC6,HCC10,HCC10,HCC10,HCC10,HCC10,HCC10,HCC10,HCC10,CCA,CCA,CCA,CCA,CCA,CCA,CCA,CCA
L,HCC6,HCC6,HCC6,HCC6,HCC6,HCC6,HCC6,HCC6,HCC10,HCC10,HCC10,HCC10,HCC10,HCC10,HCC10,HCC10,CCA,CCA,CCA,CCA,CCA,CCA,CCA,CCA
M,HCC6,HCC6,HCC6,HCC6,HCC6,HCC6,HCC6,HCC6,HCC10,HCC10,HCC10,HCC10,HCC10,HCC10,HCC10,HCC10,CCA,CCA,CCA,CCA,CCA,CCA,CCA,CCA
N,HCC6,HCC6,HCC6,HCC6,HCC6,HCC6,HCC6,HCC6,HCC10,HCC10,HCC10,HCC10,HCC10,HCC10,HCC10,HCC10,CCA,CCA,CCA,CCA,CCA,CCA,CCA,CCA
O,HCC6,HCC6,HCC6,HCC6,HCC6,HCC6,HCC6,HCC6,HCC10,HCC10,HCC10,HCC10,HCC10,HCC10,HCC10,HCC10,CCA,CCA,CCA,CCA,CCA,CCA,CCA,CCA
P,HCC6,HCC6,HCC6,HCC6,HCC6,HCC6,HCC6,HCC6,HCC10,HCC10,HCC10,HCC10,HCC10,HCC10,HCC10,HCC10,CCA,CCA,CCA,CCA,no cells,no cells,no cells,no cells
XX0870,1,2,3,4,5,6,7,8,9,10,11,12,13,14,15,16,17,18,19,20,21,22,23,24
A,50cells HCC6,25cells HCC6,CCA1,CCA1,CCA1,CCA1,CCA1,CCA1,HCC6,HCC6,HCC6,HCC6,HCC6,HCC6,HCC6,HCC6,HCC10,HCC10,HCC10,HCC10,HCC10,HCC10,HCC10,HCC10
B,50cellsHCC10,25cellsHCC10,CCA1,CCA1,CCA1,CCA1,CCA1,CCA1,HCC6,HCC6,HCC6,HCC6,HCC6,HCC6,HCC6,HCC6,HCC10,HCC10,HCC10,HCC10,HCC10,HCC10,HCC10,HCC10
C,50cells CCA1,25cells CCA1,CCA1,CCA1,CCA1,CCA1,CCA1,CCA1,HCC6,HCC6,HCC6,HCC6,HCC6,HCC6,HCC6,HCC6,HCC10,HCC10,HCC10,HCC10,HCC10,HCC10,HCC10,HCC10
D,CCA1,CCA1,CCA1,CCA1,CCA1,CCA1,CCA1,CCA1,HCC6,HCC6,HCC6,HCC6,HCC6,HCC6,HCC6,HCC6,HCC10,HCC10,HCC10,HCC10,HCC10,HCC10,HCC10,HCC10
E,CCA1,CCA1,CCA1,CCA1,CCA1,CCA1,CCA1,CCA1,HCC6,HCC6,HCC6,HCC6,HCC6,HCC6,HCC6,HCC6,HCC10,HCC10,HCC10,HCC10,HCC10,HCC10,HCC10,HCC10
F,CCA1,CCA1,CCA1,CCA1,CCA1,CCA1,CCA1,CCA1,HCC6,HCC6,HCC6,HCC6,HCC6,HCC6,HCC6,HCC6,HCC10,HCC10,HCC10,HCC10,HCC10,HCC10,HCC10,HCC10
G,CCA1,CCA1,CCA1,CCA1,CCA1,CCA1,CCA1,CCA1,HCC6,HCC6,HCC6,HCC6,HCC6,HCC6,HCC6,HCC6,HCC10,HCC10,HCC10,HCC10,HCC10,HCC10,HCC10,HCC10
H,CCA1,CCA1,CCA1,CCA1,CCA1,CCA1,CCA1,CCA1,HCC6,HCC6,HCC6,HCC6,HCC6,HCC6,HCC6,HCC6,HCC10,HCC10,HCC10,HCC10,HCC10,HCC10,HCC10,HCC10
I,CCA1,CCA1,CCA1,CCA1,CCA1,CCA1,CCA1,CCA1,HCC6,HCC6,HCC6,HCC6,HCC6,HCC6,HCC6,HCC6,HCC10,HCC10,HCC10,HCC10,HCC10,HCC10,HCC10,HCC10
J,CCA1,CCA1,CCA1,CCA1,CCA1,CCA1,CCA1,CCA1,HCC6,HCC6,HCC6,HCC6,HCC6,HCC6,HCC6,HCC6,HCC10,HCC10,HCC10,HCC10,HCC10,HCC10,HCC10,HCC10
K,CCA1,CCA1,CCA1,CCA1,CCA1,CCA1,CCA1,CCA1,HCC6,HCC6,HCC6,HCC6,HCC6,HCC6,HCC6,HCC6,HCC10,HCC10,HCC10,HCC10,HCC10,HCC10,HCC10,HCC10
L,CCA1,CCA1,CCA1,CCA1,CCA1,CCA1,CCA1,CCA1,HCC6,HCC6,HCC6,HCC6,HCC6,HCC6,HCC6,HCC6,HCC10,HCC10,HCC10,HCC10,HCC10,HCC10,HCC10,HCC10
M,CCA1,CCA1,CCA1,CCA1,CCA1,CCA1,CCA1,CCA1,HCC6,HCC6,HCC6,HCC6,HCC6,HCC6,HCC6,HCC6,HCC10,HCC10,HCC10,HCC10,HCC10,HCC10,HCC10,HCC10
N,CCA1,CCA1,CCA1,CCA1,CCA1,CCA1,CCA1,CCA1,HCC6,HCC6,HCC6,HCC6,HCC6,HCC6,HCC6,HCC6,HCC10,HCC10,HCC10,HCC10,HCC10,HCC10,HCC10,HCC10
O,CCA1,CCA1,CCA1,CCA1,CCA1,CCA1,CCA1,CCA1,HCC6,HCC6,HCC6,HCC6,HCC6,HCC6,HCC6,HCC6,HCC10,HCC10,HCC10,HCC10,HCC10,HCC10,HCC10,HCC10
P,CCA1,CCA1,CCA1,CCA1,CCA1,CCA1,CCA1,CCA1,HCC6,HCC6,HCC6,HCC6,HCC6,HCC6,HCC6,HCC6,HCC10,HCC10,HCC10,HCC10,no cells,no cells,no cells,no cells
XX0868,1,2,3,4,5,6,7,8,9,10,11,12,13,14,15,16,17,18,19,20,21,22,23,24
A,50cells HCC6,25cells HCC6,HCC10,HCC10,HCC10,HCC10,HCC10,HCC10,CCA1,CCA1,CCA1,CCA1,CCA1,CCA1,CCA1,CCA1,HCC6,HCC6,HCC6,HCC6,HCC6,HCC6,HCC6,HCC6
B,50cellsHCC10,25cellsHCC10,HCC10,HCC10,HCC10,HCC10,HCC10,HCC10,CCA1,CCA1,CCA1,CCA1,CCA1,CCA1,CCA1,CCA1,HCC6,HCC6,HCC6,HCC6,HCC6,HCC6,HCC6,HCC6
C,50cells CCA1,25cells CCA1,HCC10,HCC10,HCC10,HCC10,HCC10,HCC10,CCA1,CCA1,CCA1,CCA1,CCA1,CCA1,CCA1,CCA1,HCC6,HCC6,HCC6,HCC6,HCC6,HCC6,HCC6,HCC6
D,HCC10,HCC10,HCC10,HCC10,HCC10,HCC10,HCC10,HCC10,CCA1,CCA1,CCA1,CCA1,CCA1,CCA1,CCA1,CCA1,HCC6,HCC6,HCC6,HCC6,HCC6,HCC6,HCC6,HCC6
E,HCC10,HCC10,HCC10,HCC10,HCC10,HCC10,HCC10,HCC10,CCA1,CCA1,CCA1,CCA1,CCA1,CCA1,CCA1,CCA1,HCC6,HCC6,HCC6,HCC6,HCC6,HCC6,HCC6,HCC6
F,HCC10,HCC10,HCC10,HCC10,HCC10,HCC10,HCC10,HCC10,CCA1,CCA1,CCA1,CCA1,CCA1,CCA1,CCA1,CCA1,HCC6,HCC6,HCC6,HCC6,HCC6,HCC6,HCC6,HCC6
G,HCC10,HCC10,HCC10,HCC10,HCC10,HCC10,HCC10,HCC10,CCA1,CCA1,CCA1,CCA1,CCA1,CCA1,CCA1,CCA1,HCC6,HCC6,HCC6,HCC6,HCC6,HCC6,HCC6,HCC6
H,HCC10,HCC10,HCC10,HCC10,HCC10,HCC10,HCC10,HCC10,CCA1,CCA1,CCA1,CCA1,CCA1,CCA1,CCA1,CCA1,HCC6,HCC6,HCC6,HCC6,HCC6,HCC6,HCC6,HCC6
I,HCC10,HCC10,HCC10,HCC10,HCC10,HCC10,HCC10,HCC10,CCA1,CCA1,CCA1,CCA1,CCA1,CCA1,CCA1,CCA1,HCC6,HCC6,HCC6,HCC6,HCC6,HCC6,HCC6,HCC6
J,HCC10,HCC10,HCC10,HCC10,HCC10,HCC10,HCC10,HCC10,CCA1,CCA1,CCA1,CCA1,CCA1,CCA1,CCA1,CCA1,HCC6,HCC6,HCC6,HCC6,HCC6,HCC6,HCC6,HCC6
K,HCC10,HCC10,HCC10,HCC10,HCC10,HCC10,HCC10,HCC10,CCA1,CCA1,CCA1,CCA1,CCA1,CCA1,CCA1,CCA1,HCC6,HCC6,HCC6,HCC6,HCC6,HCC6,HCC6,HCC6
L,HCC10,HCC10,HCC10,HCC10,HCC10,HCC10,HCC10,HCC10,CCA1,CCA1,CCA1,CCA1,CCA1,CCA1,CCA1,CCA1,HCC6,HCC6,HCC6,HCC6,HCC6,HCC6,HCC6,HCC6
M,HCC10,HCC10,HCC10,HCC10,HCC10,HCC10,HCC10,HCC10,CCA1,CCA1,CCA1,CCA1,CCA1,CCA1,CCA1,CCA1,HCC6,HCC6,HCC6,HCC6,HCC6,HCC6,HCC6,HCC6
N,HCC10,HCC10,HCC10,HCC10,HCC10,HCC10,HCC10,HCC10,CCA1,CCA1,CCA1,CCA1,CCA1,CCA1,CCA1,CCA1,HCC6,HCC6,HCC6,HCC6,HCC6,HCC6,HCC6,HCC6
O,HCC10,HCC10,HCC10,HCC10,HCC10,HCC10,HCC10,HCC10,CCA1,CCA1,CCA1,CCA1,CCA1,CCA1,CCA1,CCA1,HCC6,HCC6,HCC6,HCC6,HCC6,HCC6,HCC6,HCC6
P,HCC10,HCC10,HCC10,HCC10,HCC10,HCC10,HCC10,HCC10,CCA1,CCA1,CCA1,CCA1,CCA1,CCA1,CCA1,CCA1,HCC6,HCC6,HCC6,HCC6,no cells,no cells,no cells,no cells
